vehicle,event_id,duration_seconds,duration_hours,delta_soc,integrated_current_ah,estimated_capacity_ah,initial_capacity_ah,soh_percent,avg_current_a
1,115,9080.0,2.522222222222222,45.0,168.43083333333357,374.2907407407412,150,249.5271604938275,-74.41472602739726
1,221,6105.0,1.6958333333333333,20.0,139.00186111111103,695.0093055555551,150,463.33953703703673,-77.77317073170731
1,323,4880.0,1.3555555555555556,25.0,57.176111111111254,228.70444444444502,150,152.46962962963002,-41.985665529010234
1,509,777219.0,215.89416666666668,61.0,5171.8125,8478.381147540984,150,5652.254098360656,-55.07869318181818
1,761,9737.0,2.7047222222222222,77.0,,,150,,-96.576171875
