vehicle,event_id,duration_seconds,duration_hours,delta_soc,integrated_current_ah,estimated_capacity_ah,initial_capacity_ah,soh_percent,avg_current_a
9,268,14860.0,4.127777777777778,22.0,334.0486111111105,1518.402777777775,505,300.67381738173765,-95.46082725060826
9,824,810578.0,225.16055555555556,46.0,1194.6677777777763,2597.103864734296,505,514.2779930166923,-111.74210526315791
9,1438,18211.0,5.058611111111111,34.0,495.8320833333349,1458.3296568627495,505,288.7781498738118,-97.83016393442624
9,2602,24870.0,6.908333333333333,47.0,814.3936111111112,1732.752364066194,505,343.11928001310775,-108.02127107652399
9,3208,100835.0,28.009722222222223,12.0,836.5961666666668,6971.634722222224,505,1380.5217271727176,-8.675
